{
	"class_name" : "PinholeCameraParameters",
	"extrinsic" : 
	[
		-0.084296179428190843,
		-0.322112585608133,
		0.94294095060435978,
		0.0,
		-0.99530637980749004,
		-0.017922537243028905,
		-0.095099910479877661,
		0.0,
		0.047532772360959083,
		-0.94653170303567524,
		-0.31908991005681425,
		0.0,
		-2.0199730538609835,
		8.9877437011464352,
		75.969992168991183,
		1.0
	],
	"intrinsic" : 
	{
		"height" : 480,
		"intrinsic_matrix" : 
		[
			1866.0844767808401,
			0.0,
			0.0,
			0.0,
			1866.0844767808401,
			0.0,
			319.5,
			239.5,
			1.0
		],
		"width" : 640
	},
	"version_major" : 1,
	"version_minor" : 0
}