{
	"class_name" : "PinholeCameraParameters",
	"extrinsic" : 
	[
		-0.084296179428190843,
		-0.322112585608133,
		0.94294095060435978,
		0.0,
		-0.99530637980749004,
		-0.017922537243028905,
		-0.095099910479877661,
		0.0,
		0.047532772360959083,
		-0.94653170303567524,
		-0.31908991005681425,
		0.0,
		1.6885566147942401,
		8.628853733212031,
		47.249683082032675,
		1.0
	],
	"intrinsic" : 
	{
		"height" : 480,
		"intrinsic_matrix" : 
		[
			1385.318899777483,
			0.0,
			0.0,
			0.0,
			1385.318899777483,
			0.0,
			319.5,
			239.5,
			1.0
		],
		"width" : 640
	},
	"version_major" : 1,
	"version_minor" : 0
}