{
	"class_name" : "PinholeCameraParameters",
	"extrinsic" : 
	[
		-0.084296179428190843,
		-0.322112585608133,
		0.94294095060435978,
		0.0,
		-0.99530637980749004,
		-0.017922537243028905,
		-0.095099910479877661,
		0.0,
		0.047532772360959083,
		-0.94653170303567524,
		-0.31908991005681425,
		0.0,
		1.6885566147942406,
		8.6288537332120292,
		75.969992168991268,
		1.0
	],
	"intrinsic" : 
	{
		"height" : 480,
		"intrinsic_matrix" : 
		[
			1866.0844767808401,
			0.0,
			0.0,
			0.0,
			1866.0844767808401,
			0.0,
			319.5,
			239.5,
			1.0
		],
		"width" : 640
	},
	"version_major" : 1,
	"version_minor" : 0
}